1,평일에 가서 사람도 없고 너무 좋았어요 돈 아깝지 않고 설명도 잘 해주시고 완전 만족 !,5,lyl109***,2021.04월 방문;
1,평일에 가길 추천합니다. 정말 좋아요,5,dlad***,2021.04월 방문;
1,꼭 한 번 방문을 추천합니다. 사진도 많이 찍을 수 있지만 무엇보다 지친 심신을 힐링할 수 있는 시간이었어요.,5,0119***,2021.04월 방문;
1,정말 감동적인 전시회였어요~! 웅장한 느낌이 너무 좋았어요 중간중간 스탭분들이 설명해주는 것도 좋았습니다,4,jeon***,2021.04월 방문;
1,사진 맛집이네요 인생샷 많이 건졌어욯ㅎㅎ,5,cuj0***,2021.04월 방문;
1,좋았어요 늦은 시간 가서 느긋하게 봤어요,5,dgyyor***,2021.04월 방문;
1,이런 미디어 전시 처음봐서 신기하고 예뻤어요! 전시기간 연장되었으니 한번 더 보고싶어뇨!!,5,kyou***,2021.04월 방문;
1,규모가 아쉬워요,3,seol***,2021.04월 방문;
1,구분해놓은 섹션마다 사람이 꽤 많았어요 그냥그냥 볼만한 정도였네요,3,icask***,2021.04월 방문;
1,역시 믿고 보는 팀랩전,5,k_ja***,2021.04월 방문;
2,방문을 할수없는 상황으로 환불요청 했었는데 오류인지 환불 요청이 되지 않았습니다. 기한내 취소하면 환불 되는것으로 알고 있었는데. 어제 당일 취소가 안된건지요 ㅠㅠ 아이와 꼭 가려고 했는데 못가서 속상하고 취소 했음에도 환불이 되지 않았네요. 판매자님 확인 부탁드립니다.,5,miyu***,2021.04월 방문;
2,마지막날 입장마감전에 가서 잘봤어요 마티스의 다양한 드로잉 판화볼 수 있어 좋았어요,4,cook***,2021.04월 방문;
2,마지막 날이라서 사람이 생각보다 더 많았다. 공간 배치가 특이하기도 하고 이에 대한 안내가 조금 부족해서 동선이 자주 꼬였다. 이 2개 빼고는 만족했습니다. 다음 전시회 때는 마지막날 말고 여유 있을때 천천히 오려구요.,5,lux1***,2021.04월 방문;
2,좋았습니다!!,5,gogo***,2021.04월 방문;
2,재밌었어요! 굿즈도 예쁘고 다양합니당~!,5,youn***,2021.04월 방문;
2,전시회 마지막이라.사람 많았던것 말고는 작품은 다양하고 좋았어요,5,swee***,2021.04월 방문;
2,작품 사진 촬영이 금지 되어 좀 더 쾌적하게 전시 관람 할 수 있어 좋았습니다.,5,khsdyb***,2021.04월 방문;
2,운영이 별로임...인원 제안 없이 막넣음... 마지막 날이라서 그런지... 사람들 다닥다닥 붙어서.. 정말 운영 막하는듯....,1,jin_***,2021.04월 방문;
2,마지막 날이어서 그런지 사람이 아주 많았어요 답답함이 없지 않아서 여유롭게 보지는 못했습니다,5,sara***,2021.04월 방문;
2,사람 많은 것 빼고 그림은 너무 좋았어요 오십명씩 관람하게 하면 좋았을텐데 마지막 날이라 아쉽네요,4,shep***,2021.04월 방문;
3,아들과 함께갔는데 너무 즐거운시간이었어요,5,l13121***,2021.04월 방문;
3,감동적인 전시 최고입니다^^,5,ksekt***,2021.04월 방문;
3,도슨트 는 돈 아깝다는 생각이 들었어요 여유있게 1시간 30분정도 소요됬구요 뭔가 아쉽다는 생각이 들었어요,3,myan***,2021.04월 방문;
3,만족했습니다. 특히 누워서 관람할수 있엇던건 신의 한수 였던것 같아요,5,kims***,2021.04월 방문;
3,아이 혼자 들어가서 교육받았는데 그림에 대한 뒷 이야기도 듣고 재미있었다고 하네요,5,elwa***,2021.04월 방문;
3,재밌었어요 시간 맞춰 도슨트까지 함께해서 유익했습니다.,5,btso***,2021.04월 방문;
3,흡족하게 관람했고 생각보다 볼 게 많았어요~!,5,dshs***,2021.04월 방문;
3,오랜만에 전시회 와서 기분 좋게 구경 하고 가요 기분전환 데이트 추천 해요,4,wnst***,2021.04월 방문;
3,생각보다 퀄러티는 아쉬웠어요. 하지만 워낙 명작들인 볼만은 합니다.,3,ngpu***,2021.04월 방문;
3,바티칸 투어보다 더 상세하게 알려주는 도스트였습니다,5,kime***,2021.04월 방문;
4,무민 그냥 애들이나 보는 귀여운캐릭터 인줄만알앗는데 교훈적인내용이많아서좋앗다 굿즈도 예쁜거 팔더라구요... 충동구매해버림 그치만후회안함 어린이보다는 성인을위한전시 네이버로 예매하면 싸니까 예매하고 가세요,5,chee***,2021.04월 방문;
4,중간에 영상 보는 방이 너무 좋았음,5,hslize***,2021.04월 방문;
4,무민을 알게 된 알찬 전시였어요. 보고 듣고 즐길 수 있어서 만족스럽습니다. 동화 위주의 전시라 성인들이 즐기기에 충분함니다. 특히 영상방 정말 만족합니다. 동화책 전권 질러버릴까 고민 많이했어요,5,tans***,2021.04월 방문;
4,토베 얀손의 삶 당시 시대적 배경이 만들어낸 희망적이고 교훈적인 책에 대한 전시가 잘 된 것 같습니다 무민이라는 캐릭터만 알고 갔던지라 더 새롭게 다가왔습니다,5,hero***,2021.04월 방문;
4,포토존도 많고 무민 캐릭터와 책 내용들에 대해서도 자세히 알 수 있어서 좋았어요!!,5,alic***,2021.04월 방문;
4,사람도 적고 볼거리도 많고 작품과 작가에 대한 설명이 지루하지 않게 적혀있어 하나하나 즐겁게 볼 수 있었습니다. 사람이 없어 한적한것도 좋았고 무엇보다 섹션 간 배경음악이 너무 찰떡같아서 완벽하다! 하고 느낀 것 같아요ㅎ,5,yys2***,2021.04월 방문;
4,평일에 가서 조용하게 잘 봤어요.,5,seoa***,2021.04월 방문;
4,알찬 전시회!,5,mell***,2021.04월 방문;
4,가족과 함께 갔는데 다들 너무 좋아합니다,5,su1706***,2021.04월 방문;
4,만족해요 ㅎㅎ,2,jung***,2021.03월 방문;
5,2시간동안 시간 가는줄 모르고 즐거운 시간 보냈어요 다음 전시도 기다려지네요^^,5,jile***,2021.04월 방문;
5,임재이 도슨트님 설명을 들었어요 미술에 대해 잘 몰라서 이제 알아가는중인데 칸딘스키에 대한 이야기를 들을수있어서 흥미로웠던 전시였어요 몰랐던걸 배워가네요 제가 살짝 늦었는데 전화도 주시고 ㅠㅠ 미술에 관심있는 분들이라면 즐거...,5,chee***,2021.04월 방문;
5,처음 접해본 오픈 전시회 너무나 재미있었어요. 설명을 너무 맛깔지게 해주셔서 추상화를 처음 접하고 어려웠던 저에게 도움이 많이 되었습니다. 감사합니다^^,5,gpwl***,2021.04월 방문;
5,첫타임 어린이동반 관람이었는데 7세인데 저희아이가 소화하기에는 좀 어려운 내용들이었어요~그래도 저는 유익하게 잘들었습니다. 체험이 있다고해서 기대했는데 간단한 만들기 정도였어요. 공간이 좀 좁은게 아쉬웠어요,3,shhl***,2021.04월 방문;
5,90분이 십분처럼 느껴지는 해설이고요. 유능하게 진행하시네요. 즐거운 전시였습니다.,5,dock***,2021.04월 방문;
5,신선한경험!! 너무재밌었어요! 강추합니다!,5,them***,2021.04월 방문;
5,제가 다소 늦은 시간에 도착해서 아쉬움이 있어요. 그럼에도 부족함 없이 새로운 경험에 즐거웠습니다. 좋은 시간 만들어주셔서 감사해요!,5,joel***,2021.04월 방문;
5,강성주 도슨트님 프로그램을 듣게 되었습니다. 열정도 넘치셨고 관객들의 흥미가 사라지지 않도록 노력하는 모습도 참 좋았습니다. 발음도 좋으시도 목소리도 크셔서 내용이 매우 잘 들렸어요. 즐거운 시간이었습니다. 감사해요^^,5,litt***,2021.04월 방문;
5,강성주 도슨트님 시간에 초5딸과 함께 방문했어요. 도슨트님이 배려해주셔서인지 아이도 너무나 재미있게 작품을 감상하고 어느 전시 못지 않게 기억에 남는 시간이 되었어요. 도슨트님이 전문지식은 물론 재미있게 설명해 주시고 열정적이세요. 19.8도 미술관과 강성주 도슨트님 기억...,5,luci***,2021.03월 방문;
5,크으 도슨트님 최고에요,5,bloo***,2021.03월 방문;
6,모네를 워낙 좋아해서 카페가 참 특별하게 느껴졌어요 1층 로비는 오랑주리를 떠올리게 해주었고요 덕분에 즐거운주말 보냈습니다. 전시는 반기마다 바뀌나요? 또 방문할 예정입니다^^,5,ddor***,2018.01월 방문;
6,평소에도 인상주의 작품들을 좋아해서 관련 전시를 보러 자주 다니는데 이 곳은 작품 관람도 하고 맛있는 차도 마실 수 있어 일석이조인 것 같아요:) 미술관 한 가운데서 클래식 음악 들으며 차 한 잔 하는 이 여유가 넘 행복합니당 ㅎㅎ~,5,jgb17***,2018.01월 방문;
6,전시장은 조금 작았고 카페형식으로 되어있었습니다. 카페에서 사진전을 조금 맛보는 느낌이였는데 큰 전시장을 다 둘러보기 어려운 분들에게 좋을거같습니다.,4,gdud***,2018.01월 방문;
6,갤러리 전시회라서 관람하기 참 쉬웠습니다 딸래미와 즐거운 데이트 했어요~,4,ygun***,2018.01월 방문;
6,큰 기대없이 방문했는데 너무 좋았어요 헤이리 초입이라 찾기도 쉽고 공간이 1 2층 다 여유롭고 넓었어요 편안한 모네 그림이 맘에 들어서 그림 구입도 했구요 다만 메뉴가 좀 다양하지 못한것.. 실내가 조금 추웠던건 개선되면 좋겠어요 전시 바뀔때마다 방문해보고 싶어요,4,jkh0***,2018.01월 방문;
6,커피도 너무좋았고 북적이지 않아서 아주 좋았습니다. 음료를 2층에서도 마실수있으니 2층으로 가세요. 추천합니다.,5,ldhcj***,2018.01월 방문;
6,향기로운 주말이었어요. 명화를 보며 느끼는 시각적 만족과 함께 그림 속에 와있는듯한 향기까지. 촘촘히 채운 주말이었습니다~ 저희는 강연도 미리 신청했었는데 이번주에는 현대미술이 테마였어요. 유익하고 즐거운 시간이었습니다.,5,my_i***,2018.01월 방문;
6,12/30 토요일에 방문했는데 사람도 많지 않아서 조용히 감상할 수 있었습니다. 엽서와 탁상달력 포함된 티켓을 샀었는데 음료는 기본은 아메리카노지만 금액 추가해서 다른 메뉴로 바꿀 수 있었어요. 1층과 2층으로 나누어져 있는데 1층에도 테이블이 한 5개 있고 2층에도 테이블이 5...,4,ydinos***,2017.12월 방문;
6,분위기 좋고 친절하고 좋습니다,5,seam***,2017.12월 방문;
6,주말동안 크리스마스 연휴통해 너무 잘다녀왔습니다. 사장님이 세심하시고 조곤조곤하셔서 편안했던거같습니다. 저희는 오전에 일찍 방문한 편이었는데 나중엔 사람이 많아져서 나왔네요. 이층에 카페 자리도 있고 오랜만에 여유와 아름다움은...,4,bmsnnv***,2017.12월 방문;
7,여행가고싶은 욕망이 다시 떠오르고 재밌었습니다✈️✈️,5,sml5***,2021.04월 방문;
7,아이와 왔는데 여행온 기분이 들어 재밌어해요😊,5,jkp01***,2021.04월 방문;
7,눈이 너무 즐거웠어요 ㅎㅎㅎ 여행지 느낌 나고 힐링했어요,5,yong***,2021.04월 방문;
7,코로나에 여행 못간지 너무 오래됐는데 전시회를 통해서 여행 기분도 느끼고 행복했어요! 여행의 소중함을 알게되는 좋은 기회였답니다~,5,aodw***,2021.04월 방문;
7,여행을 못가는 시기에 여행이 우리에게 주는 의미를 생각해보고 좋았어요!,4,ehtm***,2021.04월 방문;
7,생각보다 괜찮았어요! 여행뿐만 아니라 마지막에 환경에 대한 생각을 할 수 있어서 좋았습니다,5,sinc***,2021.04월 방문;
7,들어갈때 들려오는 비행기 소음은 마음을 설래게 만들었다. 그리고 여행은 최고였다.,5,dnwn***,2021.04월 방문;
7,오랜만에 정말 여행하는 느낌이라서 좋았어요. 환경에 대한 기획의도도 잘 보았는데 안에 들어가면 사진찍고 스탬프찍는곳에서 많은 시간을 소비하시는 분들 때문에 줄을 서야해서 다닥다닥 줄서고 시간도 빼앗기고 그 부분에 대한 통제는 ...,4,rhtn***,2021.04월 방문;
7,사랑하는사람와 함께 해서 더 뜻깊은 전시였습니다,5,yhmo***,2021.04월 방문;
7,사진찍으러 가실분들에게 추천 드려요 체험할 만한게 더 있었으면 좋았을 것 같아요,5,kann***,2021.04월 방문;
8,좋아요 볼거리는 적은 편이었지만 퀄리티가 엄청 좋구 웹툰을 애정한 사람이라면 너무너무 만족할만한 전시회였어요💝,4,pakj***,2021.04월 방문;
8,유미야 사랑해ㅠㅠㅠㅠㅠ정말 최고였어용 더 전시회가 크면 어떨까 하는 생각도 있었지마뉴ㅠㅠㅠ굿즈들도 더 다양했으면 싶구..자존감 올라가는 느낌,5,yooj***,2021.04월 방문;
8,좋았어요ㅋㅋ 애 데려가기도 좋아요,5,lyn0***,2021.04월 방문;
8,엄청 재밌고 알찼어요.,5,oky0***,2021.04월 방문;
8,여친은 처음 가보고 전 두 번째 방문인데 여친이랑 저 둘 다 전시회 끝나기 전에 재방문 의사 200% 넘 조아요❤❤❤❤❤,5,linn***,2021.04월 방문;
8,유미의 세포들 팬이었다면 무조건 만족할만한 전시,5,wwww***,2021.04월 방문;
8,유미의 세포들 전시회 꼭 와보고 싶었는데 이번에 서울 올라왔을때 보고 갔습니다 전시회 너무 잘 만드셨다고 생각했구 진쩌 나중에도 지인들이랑 같이 와보고 싶다는 생각 들었어요 :),5,aga7***,2021.04월 방문;
8,정말 너무 재미있게 보고 왔습니다 :),5,sims***,2021.04월 방문;
8,볼거리 많아서 좋아요,5,vldk***,2021.04월 방문;
8,윰세가 새록새록 떠올라서 너무 좋았습니다!!,5,kny851***,2021.04월 방문;
9,색감이랑 분위기가 너무 이쁘고 저갔을때는 사람이 별로 없어서 사진찍기에도 너무 좋았어요 ㅎㅎ,4,hjsj***,2021.04월 방문;
9,많이 아쉬웠어요~~,2,kjs_***,2021.03월 방문;
9,사진찍기 좋아요,5,93je***,2021.03월 방문;
9,직원분이친철하시고깔끔한전시잘보고갑니다,4,aass***,2021.03월 방문;
9,엥 ㅜㅜ 만오천원 내고 볼 만큼의 전시회는 아니였습니다 솔직히 좀 당황했어요 사람은 없어서 그거 하나는 좋네요,2,tjdd***,2021.03월 방문;
9,완전별로 이것도 전시회냐...,5,bakb***,2021.03월 방문;
9,왜 별점0점은 못 주지 쓰레기같은전시,1,cihi***,2021.03월 방문;
9,조명이 다소 부족하다고 느끼지만 사진만을 위한 전시보다 작품해설이 있어 좀 더 전시 관람에 도움이 되었습니다. 개인적으로는 아주 만족합니다.,5,kbr9***,2021.03월 방문;
9,조명도 조금 아쉬웠고 방치된 듯한 느낌이 들었어요.. 그래도 이른 시간에 방문했더니 조용하게 아주 좋은 시간 보내고 왔습니다~!,5,eunh***,2021.02월 방문;
9,여긴 재미난 작품들이 쾌나 많네요. 함께 전시중인 스위트팝 보다 더 나은것 같습니다. 근데 여기 전시회 다 감상해보니깐 15000원의 전시회 같아 보이지는 않은데... 아무래도 K현대미술관의 개최될 미래의 전시회는 더 실감나고더 잼나고뭔가 좀 더 업그레이드했으면 더 좋을 것 같습니다.,5,dark***,2021.02월 방문;
10,생각보다 짧아서 아쉬웠어요.,5,lean***,2021.04월 방문;
10,저는 오히려 촬영이 자유로운 분위기라 좋았어요 아이들이 시끄러워서 성가시긴 했습니다 전시품들 이뻐서 그래도 만족스러웠습니다 블루가 특히 이쁘더군요 12000원치고는 좀 짧긴 해요 8000원이면 적당할듯,4,jgn7***,2021.04월 방문;
10,좋은 가격에 좋은 전시와 전망을 한번에 보니 좋았어요,5,jkj2ek***,2021.04월 방문;
10,가이드온 다운받아 원격 가이드를 받아보세요. 정말 좋은 전시❤️ 다만 아이들이 많아서 키즈카페를 온건지 전시회를 온건지 모르겠어요. 관람에 방해되는 소음와 통행 방해 등등,3,dndl***,2021.04월 방문;
10,힘든 시기에 오랜만에 본 전시였는데 너무 예쁘게 잘 봤습니다 ^^,5,kwon***,2021.04월 방문;
10,너무 이쁘게 잘봤습니다 :),4,dbsd***,2021.04월 방문;
10,사진찍으면서 감상하기 좋아요,5,soft***,2021.04월 방문;
10,생각보다 크진 않은데 사람 별로 안 많아서 잘 보고왔어요,5,stam***,2021.04월 방문;
10,매우만족이에요 타전시보다 저렴한데 뷰도 볼수맀고 재밌고,5,jiwo***,2021.03월 방문;
10,평일오전에 갔더니 사람이없어서 좋았어요,5,pdje***,2021.03월 방문;
11,깨끗하고 사진찍기는 괜찮은데 금액대비론 생각보다 너무 작고 돈아깝..워요 ㅠㅠ 전기세 많이들겠구나 싶은데 그래서 비싼가..,2,tnwj***,2021.04월 방문;
11,좋아요 볼거리도 많ㄴㅔ요,5,dkas***,2021.04월 방문;
11,만족만족요,5,sayw***,2021.04월 방문;
11,재미있었어요 시간가는줄 모르고 봤네요 ㅎㅎ,4,one2***,2021.04월 방문;
11,볼거리많고 화려해 눈을 뗄수가 없었어요~~~^^사진찍기도 좋아요~~👍👍👍,5,8437***,2021.04월 방문;
11,에잉 별로다 직원 불친절 ㅡㅡ,5,joddae***,2021.04월 방문;
11,다양한 볼거리가 좋았어요!,5,wnek***,2021.04월 방문;
11,분위기도 좋고 음악고 좋고 즐거웠어욤,5,kimhl4***,2021.04월 방문;
11,비오는날 가기 너무 좋은곳 마실거 한잔 챙겨가요,5,ghrb***,2021.04월 방문;
11,한번쯤가보는것추천이요,5,nmie***,2021.04월 방문;
12,힐링하고 싶은사람들 모두에게 추천하고싶은 전시회! 파랑새에서 사진도 이쁘게 찍고 완전 만족스러웠습니당!,5,yang***,2021.04월 방문;
12,한적하고 예쁘네요. 간단하게 사진찍고 놀기 좋은 것 같습니다. 잔잔하고 그림들도 아기자기 해서 좋아요적당한 크기의 간단히 보기 좋이ㅡ용,5,tock***,2021.04월 방문;
12,굉장히 조용하고도 몽환적인 분위기가 좋았어요. 평소에 전시를 많이 가보지 않았지만 저절로 작품에 대해 집중하게 되는? 그런 전시였습니다. 사진도 잘나와요!,5,liml***,2021.04월 방문;
12,사진찍으러 가기에는 좋은 것 같아요!,4,alsg***,2021.04월 방문;
12,🦋🦋 행복을 스스로 만드는 사람이 되길 💙🐦,4,sj11***,2021.04월 방문;
12,잠시 여유를 가지고 행복에 대해서 다시 한번 생각해보게되는 좋은 관람이었습니다. 조용하고 여유롭게 힐링하는 시간이었습니다.,5,wkdw***,2021.04월 방문;
12,원래 가려고 했던 전시회가 캔슬나서 급하게 예매했는데 너무너무 만족해요!ㅠㅠ 유명한 곳이어서 대기 해야되지 않을까 싶었는데 대기없이 바로 들어갔고 위생도 철저하게 관리해주셔서 안심하고 관람했습니당 테마별로 방이 나눠져있는데 ...,5,jhkp***,2021.04월 방문;
12,조용히 사람들 없이 코로나 걱정없이 편안한 실내 데이트였어요 날이 많이 풀려 더운감?이 있지만 충분히 재밋고 눈도 즐겁고 간단하게 사진찍고 시간 보내기 좋습니다. 파랑 파랑😃,5,mich***,2021.03월 방문;
12,친구랑 부산여행왔다가 파랑새 전시회를 알게되어 네이버로 예약하고 갔어요! 오랜만에 가는 전시회라 긴장했는데 분위기에 압도되어 시간가는줄 모르고 즐기고왔네요ㅎㅎ 동화책 속으로 들어갔다가 나온 기분이에요. 행복이 무엇인지에 대해 ...,5,bobo***,2021.03월 방문;
12,볼거리도 많았고 곳곳에 있는 파랑새를 찾느라 꽤나 둘이서 애를 썼다. 하지만 사진도 많이 찍고 관람하는 내내 즐거웠다,5,lice***,2021.03월 방문;
13,분위기가 너무 좋았어요!,5,jhy2***,2021.04월 방문;
13,그림이 모두 따뜻해서 위로 받았어요.,5,thgm***,2021.04월 방문;
13,요즘 같은때 보기 참 좋은 전시에요 그림두 따뜻하고 예쁘고 엽서도 너무 예쁘네요,4,xiuy***,2021.04월 방문;
13,우연히 찾아 간 곳인데 작품들이 정말 따뜻하고 평화로운 느낌을 줘서 매우 만족했습니다! 공간도 여유롭게 즐길 수 있도록 잘 마련해주셔서 충분히 감상할 수 있었어요~~ 가격도 합리적이고 굿즈도 정말 예뻐서 즐거운 시간 보내다 갑니다 ❤️...,5,leey***,2021.04월 방문;
13,진짜 너무 예뻐요 제가 좋아하는 풍경과 디자인에 감탄하고 힐링하고 가요 ㅠ ㅠ 무엇보다 직원분도 친절하셔서 너무 좋아요 엽서도 최고! 작품도 예뻐서 바로 구매했습니다 작가님 좋아졌어요 친필 싸인 기대하겠습니다 ㅠ ㅠ 다음에도 개인전 ...,5,nk0806***,2021.04월 방문;
13,작품들이 하나같이 너무 예쁘고 마음이 몽글몽글 해지는 힐링 되는 시간이었어요~ 음료와 쿠키도 정말 맛있었어요!,5,ehye***,2021.04월 방문;
13,전시도 너무 좋고 안내해주신 분도 친절하셨어요! 감사히 잘 보고갑니다 :),5,eodl***,2021.04월 방문;
13,다시방문하고 싶습니다,5,bakeyy***,2021.04월 방문;
13,작은 공간에서 그림들 보면서 차 마실 수 있어서 넘 좋았어요! 그냥 카페 가는 것보다 여기서 그림도 보고 엽서도 받고ㅎㅎ 짱짱~,5,2jhzz***,2021.04월 방문;
13,작품에 고양이가 많이 등장하는데 봄 가을 계절과 조화가 잘 이루어지는 모습입니다. 감상 잘하고 잘 쉬다가 갑니다. 참고로 17층에 올라가셔서 조금 더 트인 공간에서 시청역을 한눈에 볼 수 있습니다.),5,polo***,2021.04월 방문;
14,작품은 더할나위 없고 큐레이터님께서도 성심성의껏 알려주셔서 편안하고 유익한 관람시간이 될 수 있었습니다.,5,khu5***,2021.04월 방문;
14,아이랑 같이 봤으면 더욱 좋았겠지만 직원분의 친철덕분에 아이도 집에서 잘 봤읍니다 다음에 또 방문하고 싶습니다 감사합니다,5,kyhj***,2021.04월 방문;
14,조용한 관람 분위기와 달항아리를 직접 만져볼 수 있어서 좋았습니다.,5,ange***,2021.04월 방문;
14,작은 공간이지만 작품과 테라스가 어울려 정말 멋졌어요.. 전시 종료 전에 한번 더 가보려구요,5,sant***,2021.04월 방문;
14,잘 봤습니다. 추천합니다,5,jski***,2021.04월 방문;
14,보통 작품을 볼 수만 있는데 이번 전시는 작품을 만져볼 수 있게 해주신 것이 정말 좋았습니다,5,dudq***,2021.03월 방문;
14,작품이 많이 없어 아쉬웠지만 조용히 보기 좋았습니다 !,5,kby6***,2021.03월 방문;
14,Very nice and relaxing exhibition. I was glad that there were explanations provided in English. I really enjoyed it.,5,rach***,2021.03월 방문;
14,아름다운 달항아리들 조용히 잘 감상하고 왔습니다.,5,ysk284***,2021.03월 방문;
14,최고의 전시였어요.,5,hayo***,2021.03월 방문;
15,오랫만에 아무 생각 없이 유쾌했습니다.,5,akki***,2021.04월 방문;
15,간단하게 보기 좋아요,5,bmy0***,2021.04월 방문;
15,눈이 정말 즐거웠습니다!!!,5,shba***,2021.04월 방문;
15,사람이 많지 않아서 보기 좋아요!,4,akrn***,2021.04월 방문;
15,팝아트 특유의 재미!,5,whek***,2021.04월 방문;
15,개성도 강하고 재밌는 전시를 볼수 있는 곳이에요. 한 사람이 이렇게 많은 분야에 관심을 가질 수 있다는 게 놀랐습니다. 다녀오면 없던 창작욕도 생겨요. 전시가 좀 더 길었으면 더 좋았을 것 같아요! 잘봤습니다.,5,hbhbyo***,2021.04월 방문;
15,미술사조에 대한 기초 지식을 가늠해볼수 있는 종합 패키지 같은 작품이었습니다ㅎㅎ 작품이 주는 메세지는 심플했고 어렵지 않아서 누구나 편하게 관람할수 있는 전시입니다.,5,piiin***,2021.04월 방문;
15,도슨트 꼭 들으세요~,4,ich0***,2021.04월 방문;
15,그림 조각 미디어아트 등 다양한 장르를 체험할 수 있어 신선했어요^^,4,1201***,2021.03월 방문;
15,랍스터들 너무 귀여웠어요♥ 전시 잘 보고 가요^^ (기념품 샵 너무 비싸서 아쉬워요ㅠ),5,polo***,2021.03월 방문;
16,볼것도 많고 너무 좋아요,5,dmsg***,2021.04월 방문;
16,분위기도 너무 좋고 볼거리도 다양하고 혼자 왔지만 사진도 많이 찍고 즐기다가 갑니당 ㅎ ㅎ ㅎ ㅎ ㅎ 전시도 체험도 사진도 세가지 다 잡은거 좋은 전시인것 같아요 ! 돈이 전혀 아깝지 않아요 ! ! 꼭 한번 와보시길 추천드려요 🖤,5,pys9***,2021.04월 방문;
16,꿀잼 전시회였어요,5,jink***,2021.04월 방문;
16,재밌는 작품들 잘 보고 갑니다! 생각보다 작품이 많진 않아서 금방 볼 수 있었어요!,5,9hya***,2021.04월 방문;
16,다양하게 볼꺼리가 많았어요,5,crom***,2021.04월 방문;
16,전시회가 큰편은 아니지만 사람도 많이없고 중간중간 앉을수 있는 곳이 있어서 여유롭게 잘 감상할 수 있었어요!! 내부 사진도 편하게 찍을 수 있어요ㅎ,5,cnwl***,2021.04월 방문;
16,재밌었습니당 남자친구랑 잘봤습니닽,5,vdo5***,2021.04월 방문;
16,분위기도 전시 작품도 대박!! 추천합니당,5,judy***,2021.04월 방문;
16,색다르게 좋았어요 ㅎㅎ,5,rmat***,2021.04월 방문;
16,그래피티 관심만 있고 못해봤는데 대리만족되고 좋네요. 빈티지한 감성이 취향저격입니다. 뭔가 좀 부족한 느낌이 있긴했어오ㅡ. 그래도 힐링하고갑니다.,4,alla35***,2021.04월 방문;
17,좋았어요 잘보고 왓어요,5,dltj***,2021.04월 방문;
17,작품 너무 좋았어요 코로나에서 불구하고 사람 많아요 ㅠㅠ 그리고 아쉬운게 굿즈가 별로 없어요,4,gkdu***,2021.04월 방문;
17,작품은 너무너무너무 좋았어요💫 말해뭐해🥰 마침 시간이 맞아서 큐레이터분 도슨트도 들었는데 깊은 작업세계를 알 수 있어서 좋았어요ㅎㅎ. 다만 전문 도슨트가 아니라 가끔 얘기가 산으로 가고... 뒤에는 잘 안들리고.. ㅎㅎ 그부분이 좀 아...,4,unic***,2021.04월 방문;
17,헤르난바스의 작품 너무 좋습니다 관람분위기가 너무 시끄러워 별하나 뺐습니다,4,anju***,2021.04월 방문;
17,전시는 좋아요. 옥상은 못가봐서 아쉬워요.,5,chaem6***,2021.04월 방문;
17,몇 작품 안되지만 하이라이트는 바로 2층에서 바라보이는 한 작품,5,yedin_***,2021.04월 방문;
17,고즈넉한 분위기의 전시장이었다. 비오는 주말인데 관람객이 꽤 많았다. 작가가 영감을 받은 책들을 함께 볼 수 있어서 좋았다. 작품1점이 2층의 작은 창을 통해 내려다보도록 전시되어 있었는데 그 방식이 특이했다.,5,msnmk***,2021.04월 방문;
17,너무 좋았는데 도록이 없는게 아쉬웠어요. 포스터로 달랬네요...,5,elsa***,2021.04월 방문;
17,좋은 작품 잘 감상했습니다. 다음 작품도 기대되는 작가네요. 공간도 넓고 쾌적해서 감상하기 좋았습니다.,5,noor***,2021.04월 방문;
17,만족스러운 전시 였습니다 :) 규모가 크지는 않지만 그림이 생각보다 크고 디테일이 좋아서 부족하다는 생각은 들지 않았습니다. 한시간 반정도 생각하시면 넉넉하게 보실 수 있어요! 주변도 탁 트이고 걷기 좋아서 날씨좋은 날 갔다오면 기분전환하기 좋은 전시입니다.,5,js_4***,2021.04월 방문;
18,설치미술과 함께 소개하는 아세안국가 요리 레시피,4,torc***,2021.04월 방문;
18,친절하게 설명을 너무 잘해주셔서 만족이었습니다!! ㅎㅎㅎ 설명들으면서 작품을 보니 정말 유익하고 좋더라구요 다른 전시회때도 방문하고싶어요^^,5,hyoi***,2021.04월 방문;
18,완전 만족했습니다~자세하고 친절한 설명해주셔서 너무 감사드립니다~~,5,yasi***,2021.04월 방문;
18,아이들이랑 오면 좋을거 같아요^^,5,hj76***,2021.03월 방문;
18,규모가 크진 않지만 12층 다 해설을 들으며 알차고 유익했어요~다음 전시 컨셉 바뀌면 또 가려구요.,5,b_ha***,2021.03월 방문;
18,지나가다 잠시 구경하기 좋네요 시간 집에가는 길에 시간남아서 뭐할까 하다 근처에 있길래 구경 잘 하고 갑니다!!,4,koo6***,2021.03월 방문;
18,규모는 크지 않았지만 다양한 볼거리가 있어서 좋았어요.,5,kms0***,2021.03월 방문;
18,이거랑 2층 전시까지해서 정말 잘 보고 왔어요👍🏻 앞으로 전시 바뀔 때마다 또 오려구요,5,leej***,2021.03월 방문;
18,작아도 볼마나했어요~ 1.2층다 넘 재밌어요,5,kbor***,2021.03월 방문;
18,잘 구경했습니다. 자그마한 규모지만 볼꺼리가 많았습니다.,5,jsw8***,2021.03월 방문;
19,예약 운영이라 여유있게 전시 관람했습니다. 좋은 전시를 무료로 관람할 수 있어서 감사했습니다. 매우 유익한 시간이었습니다.,5,blus***,2021.04월 방문;
19,친절하셔서 금방들어갈수있었고 주말이 아니고 사람없는시간? 이라면 예약없이도 들어갈수있을거같아요 시간내서 방문하셔서 좋을거같습니다!,5,wkdg***,2021.04월 방문;
19,평일에 조용히 잔잔한 전시를 볼 수 있어 좋았어요,5,byho***,2021.04월 방문;
19,만족스러운 관람이였습니다~^-^,5,shin***,2021.04월 방문;
19,무료 실화입니까. 갤러리 찾으러가다가 경복궁역에 새로운 골목도 발견하고 좋았어요^^,5,ioo_***,2021.04월 방문;
19,작지만 아담하고 좋은작품 보기엔 아주 좋았습니다,5,hyas***,2021.04월 방문;
19,하정우 작가님의 신작들을 볼수 있어서 좋았어요 색감이 인상에 남네요 다만 지하에 있던 직원분.. 바로 옆에가서 뭘 여쭤봤는데 사람이 저희 밖에 없었음에도 불구하고 못들은척 하시는게 불편했습니다 왜 그러는 걸까요..?,4,ichuu***,2021.04월 방문;
19,좀 작은 전시회지만 조용하게 감상할 수 있어서 좋았어요! 하정우 스타일의 그림도 좋구요. 그림에 대한 간단한 해설이 있었음 더 좋았을 것 같아요^^,5,tenn***,2021.04월 방문;
19,좋아요! 힐링 하고 왔어요,5,ssus***,2021.04월 방문;
19,주말이라 길가에 주차하고 관람했어요. 색채감이 너무 좋았어요,5,nhch***,2021.04월 방문;
20,너무 좋아요,5,lee_***,2021.04월 방문;
20,좋네요 재밋게 잘 봤어요,5,or_o***,2021.04월 방문;
20,색감 예뻐서 너무 좋았어요!,5,suji***,2021.04월 방문;
20,도슨트시간이 안되서 오디오가이드로 봤는데 자세한 설명으로 잘 돌아봤어요,5,dian***,2021.04월 방문;
20,평일에 여유있게 관람했습니다,5,theb***,2021.04월 방문;
20,단순히 상업 예술을 하는 아티스트인줄 알았는데 그의 철학을 알 수 있는 전시였습니다 좋은 시간이었습니다!,5,icup***,2021.04월 방문;
20,굿!! 평일에 오세여,5,kuin***,2021.04월 방문;
20,도슨트 설명도 좋았고 만족스러웠어요 ㅎㅎ,5,ky71***,2021.04월 방문;
20,대기시간을 가지고 관람을 한다고 해도 전시회 내부에 사람이 많았어요. 특히 도슨트 듣는 분들이 많아 테마 하나당 몇십명이 몰려있다보니 아무래도 보기가 좀 힘들었어요. 전시 자체는 나쁘지 않았습니다~,4,min-***,2021.04월 방문;
20,3시 도슨트 참여했는데 큐레이터분이 설명도 쉽게 잘해주시고 평일에 방문해서 관람객도 그렇게 많지않아 쾌적하게 감상할 수 있었습니다. 다음에 기회가 되어 다시 방문한다면 설명들었던걸 바탕으로 더 풍부하게 감상할 수 있을것같아요 포...,5,toga***,2021.04월 방문;
21,월요일 오후에 갓는데 사람도 많지 않아서 체험하고 사진찍기에 시간이 많았어요 사진찍고 체험하볼 수 있는 부분이 좋았구요 사주 봐주는게 좀 뜬금 없긴 했는데 재미있었네요 작품의도나 설명이 잘되어있으면 좋겠다는 아쉬움이 있었고 가격...,5,cdss***,2021.04월 방문;
21,나름 재밋게 관람했어요~,4,jsb8***,2021.04월 방문;
21,사진 많이 찍었어요~ 저는 아쉬웠는데 남자친구는 너무재밌었데요 ㅎㅎ,4,cjdg***,2021.04월 방문;
21,눈이 즐거웠어요.,5,hear***,2021.04월 방문;
21,체험할 거리도 있고 보다 재밌게 즐기고 왔습니다.,5,kimoll***,2021.04월 방문;
21,너무 재미있었습니다,5,ljhu***,2021.04월 방문;
21,사람많을까봐 일요일 1시좀 넘어서 들어갔는데 널널해서 사진찍기 좋았어요. 체험할것들이 좀 있어서 재밌긴 했는데 전체적으로 18000원을 내고 감상하기에는 돈값못하네요,5,cjlo***,2021.04월 방문;
21,좋아요!! 다양하게 경험할수있어 좋아요!,4,jhlo***,2021.04월 방문;
21,볼 거리도 많고 사진찍기도 좋아요!,5,gus1***,2021.04월 방문;
21,체험형에 맞춰져서 그런지 되게 재밌었어요.,5,mell***,2021.04월 방문;
22,생각보다 짧아서 아쉬웠어요.,5,lean***,2021.04월 방문;
22,저는 오히려 촬영이 자유로운 분위기라 좋았어요 아이들이 시끄러워서 성가시긴 했습니다 전시품들 이뻐서 그래도 만족스러웠습니다 블루가 특히 이쁘더군요 12000원치고는 좀 짧긴 해요 8000원이면 적당할듯,4,jgn7***,2021.04월 방문;
22,좋은 가격에 좋은 전시와 전망을 한번에 보니 좋았어요,5,jkj2ek***,2021.04월 방문;
22,가이드온 다운받아 원격 가이드를 받아보세요. 정말 좋은 전시❤️ 다만 아이들이 많아서 키즈카페를 온건지 전시회를 온건지 모르겠어요. 관람에 방해되는 소음와 통행 방해 등등,3,dndl***,2021.04월 방문;
22,힘든 시기에 오랜만에 본 전시였는데 너무 예쁘게 잘 봤습니다 ^^,5,kwon***,2021.04월 방문;
22,너무 이쁘게 잘봤습니다 :),4,dbsd***,2021.04월 방문;
22,사진찍으면서 감상하기 좋아요,5,soft***,2021.04월 방문;
22,생각보다 크진 않은데 사람 별로 안 많아서 잘 보고왔어요,5,stam***,2021.04월 방문;
22,매우만족이에요 타전시보다 저렴한데 뷰도 볼수맀고 재밌고,5,jiwo***,2021.03월 방문;
22,평일오전에 갔더니 사람이없어서 좋았어요,5,pdje***,2021.03월 방문;
23,색감이랑 분위기가 너무 이쁘고 저갔을때는 사람이 별로 없어서 사진찍기에도 너무 좋았어요 ㅎㅎ,4,hjsj***,2021.04월 방문;
23,많이 아쉬웠어요~~,2,kjs_***,2021.03월 방문;
23,사진찍기 좋아요,5,93je***,2021.03월 방문;
23,직원분이친철하시고깔끔한전시잘보고갑니다,4,aass***,2021.03월 방문;
23,엥 ㅜㅜ 만오천원 내고 볼 만큼의 전시회는 아니였습니다 솔직히 좀 당황했어요 사람은 없어서 그거 하나는 좋네요,2,tjdd***,2021.03월 방문;
23,완전별로 이것도 전시회냐...,5,bakb***,2021.03월 방문;
23,왜 별점0점은 못 주지 쓰레기같은전시,1,cihi***,2021.03월 방문;
23,조명이 다소 부족하다고 느끼지만 사진만을 위한 전시보다 작품해설이 있어 좀 더 전시 관람에 도움이 되었습니다. 개인적으로는 아주 만족합니다.,5,kbr9***,2021.03월 방문;
23,조명도 조금 아쉬웠고 방치된 듯한 느낌이 들었어요.. 그래도 이른 시간에 방문했더니 조용하게 아주 좋은 시간 보내고 왔습니다~!,5,eunh***,2021.02월 방문;
23,여긴 재미난 작품들이 쾌나 많네요. 함께 전시중인 스위트팝 보다 더 나은것 같습니다. 근데 여기 전시회 다 감상해보니깐 15000원의 전시회 같아 보이지는 않은데... 아무래도 K현대미술관의 개최될 미래의 전시회는 더 실감나고더 잼나고뭔가 좀 더 업그레이드했으면 더 좋을 것 같습니다.,5,dark***,2021.02월 방문;
25,좋았습니다,5,dyds***,2021.04월 방문;
25,너무좋았어요 와닿는것도 많았습니다,5,zoot27***,2021.04월 방문;
25,전시회 잘봤어요~~초딩들은 무섭다해요 ㅎㅎ 그래도 추천드려요~~^^,5,an00***,2021.04월 방문;
25,전시 작품을 볼대마다 간간히 웃었습니다 ㅎㅎ 웃는 작품들이라 재밋었어요! 작품하나하나 내용은 다 다달랐지만.. 공통점은 웃자!,4,gkdu***,2021.04월 방문;
25,시대를 비꼬는 맛이 좋아요,5,iwas***,2021.04월 방문;
25,볼거리 많고 재밌어요,5,gkro***,2021.04월 방문;
25,당신은 왜 웃어야 하나요,5,gree***,2021.04월 방문;
25,아아웃고있어도눈물이난다,5,anth***,2021.04월 방문;
25,전시공간도 넓고 평일 오전이라 그런지 5명정도 전시보고 있었어요! 처음 접하는 전시였는데 오디오 도슨트 들으면서 많이 생각하고 너무 좋은 시간이었습니다아☺️,5,kso2***,2021.04월 방문;
25,평일 오후에 갔는데 사람이 많이없어 좋았어용,5,aaa1***,2021.04월 방문;
25,좋은 전시회였어요 북전시회도 같이 봤어요,5,lydi***,2021.04월 방문;
25,기대한것보다 별로였어요..,5,rlaw***,2021.04월 방문;
25,엄청 작품성 있는 전시물을 기대하고 간다면 좀 실망할 수 있겠으나 캐쥬얼하게 사진찍고 놀기에 한번쯤 가볼만 한 듯.,4,wpdk***,2021.04월 방문;
25,나쁘지 않아여. 하지만 규모가 작아서 입장료 12000원은 비싼감이 있네요ㅠㅠ,4,flac***,2021.04월 방문;
25,좋았어요다만 생각한것보다 공간이 협소했고 입장료 12000원은 조금 비싼감이 없지않아 있네요ㅠ,4,s2lo***,2021.04월 방문;
25,조용하고 사진찍을 스팟이 많음 주차안되서 아쉽,4,pf_bnh***,2021.04월 방문;
25,특이한 작품들이 많아서 좋았어요,5,lnh_***,2021.04월 방문;
25,3번째 방문인데 점점 전시 내용이나 관리가 미흡한 느낌입니다. 특히 볼풀장은 위생 상태가 매우 아쉬웠니다.,5,dbfl***,2021.03월 방문;
25,생각보다 사람 많이 없어서 좋았어요. 가격에 비해 볼거리가 많이 없어서 아쉬웠어요,3,chae***,2021.03월 방문;
25,재밌었어요,5,w7513c***,2021.03월 방문;
26,남자친구와 다녀 왓습이다 솔직히 시간 떼우자 햇는데 저희는 비공자 보다 보니 10분만에 본거 갔습니다 그런데 관장님 설명 듣는데만 한시간정도 되는거같습니당 ^^ 너무 친절하시고 모르는부분도 콕 찝어 주셔서 그림에 대한 말하고자 하는 내용을 알려셔서 감사드립니당 ^^ 남...,5,tjsg***,2021.03월 방문;
26,예약제다보니 사람이 없어서 좋았습니다. 조용한 분위기 덕분에 집중해서 볼 수 있었어요. 관장님께서도 무척이나 친절하셨습니다. 요즘같은 시국에 이런 멋진 전시를 기획해주셔서 감사합니다.,5,chls***,2021.03월 방문;
26,서울에서 왔는데 정말 재미있게 보구가요!!,5,dodl***,2021.03월 방문;
26,어떻게하면 더 유익하게 관람할 수 있는지 친절하게 설명해주셔서 좋았습니다~~~! 또 방문할게요!!,5,horo***,2021.03월 방문;
26,관장님께서도 정말 친절하시고 전시된 작품들도 정말 알찹니다. 작품관람 뿐만 아니라 미학적 호기심까지 충족할 수 있는 전시였습니다.,5,dydd***,2021.03월 방문;
26,이 전시는 비너스에 관한 대서사를 다룹니다. 오랫동안 연구하신 귀한 아카이브 잘 봤습니다!! 관장님 감사합니다💖,5,sara***,2021.02월 방문;
26,중학교 진학하는 아들을 위해 전시회 방문하게되었어요 미술의 미자도 모르지만 요즘 웹툰에빠져서 미래에 웹툰작가가 되고싶다는 아들에게 이런 종류의 미술도 있다는걸 알려주고싶었어요 관람구역은 작지만 관장님설명을 들으며 그림뒤에 숨겨진 이야기까지 듣다보니 한시간 훌...,5,sung***,2021.02월 방문;
26,"비너스의 진화" 호기심에 관람 기대이상! 예술속에 여성의 아름다움에 탄복♡ 한점 정도는 내 안방에 가지고 오고싶었다 지금도 내방 천정에서 맴돈다!,5,happ***,2021.02월 방문;
26,시각디자인과 학생이에요! 코로나때문에 전시회를 잘 안해서.. 수준있는 전시 엄청 보고싶었는데 마침 인스타 보고 포스터 디자인도 엄청 강렬하고 비너스의 진화라는 테마도 흥미로워서 혼자 찾아왔어요! 전시 내용도 너무 유익하고 친절하게 설...,5,blue***,2021.02월 방문;
26,관장님 모빌감사합니다~너무 잘봤고 애기나오면 또 놀러갈께요,5,tjwj***,2021.02월 방문;
27,첫 영상은 꼭 보는걸 강추 앙리마티스 좋아해서 본건데 아이들 많이들 데려와서 좀 정신없고 산만하긴했네요 그래도 전시회인데 시끌시끌 소리지르는건 제재해줬음 좋을 것 같아요 오래걸려도 서울 코엑스 전시를갈걸 했네요,2,free***,2021.04월 방문;
27,아이들이 있는 가정은 좋을 것 같아요. 유치원생 또는 초등 저학년들 즐기기 좋은 것 같아요. 어른들이 보기에는 내용이 알차지는 않구요. 사진찍기 좋아하는 어른들 어린이들용 같아요.,4,tcc1***,2021.04월 방문;
27,아기 데리고 가기 좋은 전시회 맞아요 ! 여러가지 색채로 거울에 빛으로 효과를 많이 줘서 정말 신기해하더라구요! 근데 데이트 하러 가시는 분들은 좀 짧아서 단순하다고 생각할수도 있어요. 그림그리는 방도 있고 이것저것 나름 체험해 볼 곳...,5,nje1***,2021.04월 방문;
27,아이들과 좋은 시간 보내고 좋았습니다,5,83hoon***,2021.04월 방문;
27,알찬시간이였습니다,5,sinb***,2021.04월 방문;
27,재미있었습니다~^^ 아이들 모두 재미있어 했습니다 기념품이 엽서가 너무 비싸서 별하나 뺏어요~ㅜ,4,dddduu***,2021.04월 방문;
27,생각보다 크진않았지만 그림그리기 체험도 좋았고 너무 이쁘고 전시도 너무 마음에듭니다^^,4,hama***,2021.04월 방문;
27,주말인데 저녁시간 이용했더니 사람 많지않아서 마음껏 놀았어요. 7세4세 두 아이는 뛰놀고 그림그리고 너무너무 재미있었다고 하네요^^ 어른도 아이도 만족할 수 있는 곳이었어요 재방문 의사 있습니다~^^,5,roob***,2021.04월 방문;
27,늦은 오후에 가서 그런지 사람도 많이 없고 여유있게 잘 보고 왔어요!,5,fate***,2021.04월 방문;
27,지난 타임에 계신분들이ㅠ 늦게 까지 계시는 경우가 있으셔서 불편했어요~ 사람 많아 밖에서 순서 기다리고 둘러보는데 5시 30분 타임이라서 그런지 뒷타임 사람이 또 들어와서 북적북적했어요~~,5,lamb***,2021.04월 방문;
28,아이와 함께 가볼만한 것 같아요^^,5,thyj***,2021.04월 방문;
28,1관이 너무 좋았아요 ! 2관은 아이들 데리고 가기에 좋을것 같아요,5,wodl12***,2021.04월 방문;
28,스캐너가 고장나서 조금아쉬웠어요 ㅎ 아이들이 즐거워하네요,5,jumo***,2021.04월 방문;
28,세개의 관으로 이루어지고 신기하고 재밋어요,5,dbwl***,2021.04월 방문;
28,1관이 제일 예쁘고 좋더라구요. 아기데리고 갔는데 아기도 집중해서 보고 힐링하고 왔네요😀,4,hayo***,2021.04월 방문;
28,매우 좋아요!!!,5,jhwhjs***,2021.03월 방문;
28,1관은 눈의 즐거움! 2관은 손의 즐거움! 3관은 마음의 즐거움!,5,bteam***,2021.03월 방문;
28,초반에 안내가 좀 미흡해서 입구 못찾고 헤맸던거 같아요 그래도 대체적으로 괜찮은 전시회 같아요,4,jhg411***,2021.03월 방문;
28,비오는날 방문했는데 친구랑 아주 만족했습니다^_^1관은 사진찍기 좋고 2관은 재밌고 3관은 힐링입니다 ㅠ 추천!,5,gya9***,2021.03월 방문;
28,아이와 함께 갔는데 너무 즐거워했어요 가격은 사악하지만 아이가 즐거워하니 너무 좋은 시간 이었어요,5,bibi***,2021.03월 방문;
29,야외도 좋았고 미술관 특별전시인 거울 속의 거울도 좋았어요. 개인적으로 밝은 그림을 좋아해서 그런지 너무 내면의 어두움을 담는 그림은 무서웠어요ㅠ,5,jay4***,2021.04월 방문;
29,전시를보다가 마지막 거울을 통해 나의 초상을 보는 순간 눈물이 났습니다. 위층에 올라 스무번째 거울을 만났을때 저를볼수 있엇고 나의 거울에대해 생각새볼수 있는 시간이었습니다.좋은 전시였습니다,5,jinw***,2021.04월 방문;
29,늘 만족하고 있습니다~~,4,viki***,2021.04월 방문;
29,도심에서 잠깐의 여유를 느끼기 위한 시간은 되었다.,4,moos***,2021.04월 방문;
29,여러 생각이 드는 전시였어요. 자기 자신을 돌아볼 수 있는 시간이였어요. 참여형 작품도 좋았구요. 그리고 뒤에 석파정 지금 한참 이쁠 때니까 다들 석파정도 꼭 구경하셨으면 좋겠어요!,5,somi***,2021.04월 방문;
29,나를 생각해 볼 수 있는 시간을 가질 있었어요. 동의 하이 자신의 사진을 전시할 수도 있는 기회가 있더군요. 많은 사람들이 동의하여 사진이 전시되어 있었고 각자가 무슨 생각을 하고 있는지 알 수 있었습니다. 뜻깊은 전시 감사합니다.,5,lina***,2021.04월 방문;
29,생각할 수 있는 전시였어요.,5,inda3***,2021.04월 방문;
29,쾌적한 환경 좋은 전시 좋았어요,5,sihw***,2021.04월 방문;
29,매번 올때마다 석파정의 분위기가 달려져서 좋아요. 계절에따라서 날씨에 따라서 또 볼거리가 생겨서 자연그대로를 느낄 수 있는 공간이라고 어머니도 좋아하셨어요. 전시도 좋았고 직원분들은 항상 친절하십니다:-),5,mh8372***,2021.04월 방문;
29,재밌게 잘 봤습니다^^,5,mari***,2021.04월 방문;
30,밥먹기 전에 친구들이랑 시간 때우려고 갔는데 생각보다 알차게 보냈어요! 호형에 게임이 많아서 에너지 많이 썻어요.. 덕분에 밥 많이 먹음 ㅎㅎ,5,eunv***,2021.04월 방문;
30,지나가다가 우연히 들어왔는데 생각했던 것보다 재밌었어요! 직원들이 설명도 잘해주시고 방탈출도 있다고 하니 다음번엔 한번 해봐야겠어요,5,star***,2021.04월 방문;
30,방탈출 마니 안해봐도 정말 재밌게 잘 놀 수 이씀여 ㅠㅠㅠ 수호 얼굴에 지리고 ... 서준이 얼굴에 오졌다... 나오기 싫었다구요ㅠㅠㅠ 여신강림 ㅠㅠ최애웹투뉴ㅠㅠ꿈에도 나와줘 수호야 서준아 ... 재밌게 잘 놀다 갑니당 ㅎㅎ,5,kybm***,2021.04월 방문;
30,이쁜거 보고 나왔는데 포토카드에 있는 제얼굴은 머져 ㅎㅎ 현타오게 하는 테마...ㅠㅠ 그래 이쁜건 너네해라... 못생긴건 나 하나로 충분해...,5,710y***,2021.04월 방문;
30,신의탑을 꼬박꼬박 챙겨본 1인으로 너무너무 재밌게 놀다갑니당ㅠㅠ 웹툰으로만 보았던 캐릭터들을 이렇게 직접 보게 되어 새롭기도 하네용ㅎㅎ,5,ghdr***,2021.04월 방문;
30,테마들어가서 신의탑 수다떨다가 정신없었던ㅠㅠㅠ 웹툰이 휴재라서 아쉬웠는데 마음달래고 갑니다 다른 테마들도 빨리 오픈해주세요 현기증나니까...,5,mymy99***,2021.04월 방문;
30,방탈하는데 주경이가 참 부럽더라구요…^^인생...,5,sela***,2021.04월 방문;
30,신의탑 테마 했는데 난이도도 어렵지않고 처음 접해본 문제들도 많아 재미있었어요~~~~,5,x2o5***,2021.04월 방문;
30,방탈출에 신의탑이라니~~ 최애끼리 만나주셔서 감사합니다ㅠㅠㅠ 체험관까지 꼭 하세여...두번하세여...,5,rlaf***,2021.04월 방문;
30,다른 방탈출만 하다가 내가 알던 것들이 이렇게 표현되어 있다는게 너무 신기하더라구요ㅋㅋㅋ 아는 것 나올때 마다 일행들 모두 강제 추억여행...☆ 가장 기억에 남는건 마지막 연출!! 다들 탈출하시길 바래요ㅎㅎ,5,vela79***,2021.04월 방문;
31,아이가 너무 좋아했어요 👍👍,5,eunk***,2021.04월 방문;
31,처음엔 비싸다고 생각했는데 아이가 너무 좋아했어요 프로그램도 알차고 즐거워요 한가지 아쉬운 것은 시간이 정해져있지 않은 자유 프로그램이 정해져있으면 좋겠어요 (그냥 키카처럼) 아이가 울었어요 ㅠㅠ,5,dodo***,2021.04월 방문;
31,천사님(선생님)들 너무 친절하시고 아이들 지도도 잘해주셨구요 구성도 알차고 코로나 신경 마니 써서 안전하게 놀이하고 왔습니다 다시 방문하고 싶어요,5,ssia***,2021.04월 방문;
31,25개월 아기가 좋아했고 안내해주시는 선생님들도 좋아요^^ 대부분 저희 아기보다 큰 애들이 왔지만 저희아기는 시간이 짧다고 생각될 만큼 재미있어했어요~,5,cbst***,2021.04월 방문;
31,초딩 유딩 아이들 데리고 갔는데 너무 좋아하네요.. 또오자구..,5,yang***,2021.04월 방문;
31,만족합니다. 재미있게 즐기다가 왔어요,5,pure***,2021.03월 방문;
31,딱 4글자로 표현하겠습니다...................................................... 고민=매진,5,joar***,2021.03월 방문;
31,아기가 너무 좋아 했어요. 또 방문 하려고 합니다.,5,jiso***,2021.03월 방문;
31,너무 재밌게 체험하고 왔어요!!,5,cosm***,2021.03월 방문;
31,정말 만족스러운 체험이였습니다. 직원분들 모두 친철해서 기분 좋게 즐기다 왔어요~,5,youn***,2021.03월 방문;
32,지이이인짜 예쁘고 너무 좋은 시간보냈어요!!,5,yjki***,2021.04월 방문;
32,너무 예쁜곳에서 힐링하고 왔어요,5,tlsd***,2021.04월 방문;
32,사진찍기 좋은 곳,4,y535***,2021.03월 방문;
32,사진 찍을 스팟이 많아서 좋았어요!! 예쁜 곳 많아용!^_^,5,slle***,2021.03월 방문;
32,사진 찍기도 좋고 너무 예뻤어요!!!,5,miun***,2021.03월 방문;
32,너무 기대를 많이 했네요~ 찍을 곳이 별로 없어요,5,suja***,2021.03월 방문;
32,사진찍기 좋아요,4,dlrt***,2021.03월 방문;
32,사진이 다 잘 나와서 좋았습니다,5,2988***,2021.03월 방문;
32,사진 찍기 너무 좋았어요 ㅎㅎ 인생사진 정말 많이 건져왔습니다,4,pony***,2021.03월 방문;
32,쾌적하고 좋았습니다. 물품 보관소가 실내에 있었으면 날씨가 안좋을때도 편했을거 같아요. 다음엔 날씨 좋을때 한번 더 가고싶어요😀,4,njh66***,2021.03월 방문;
33,포토존이 많아서 좋았어요,5,seji***,2021.02월 방문;
33,만족합니다! 주말 낮에 갔는데도 저 포함해서 3팀 정도였고 여유있게 즐겁게 인생샷 남겼네요ㅎㅎ 사진 찍을 스팟 많아요! 후회 안하실 거에요. 근데 뭔가 섬세한 디테일이 조금 부족한 느낌? 조명이 바닥에 있는 방은 좀 이상하게 사진이 나와서 ...,4,qetu***,2021.02월 방문;
33,인스타용도,5,hana***,2021.02월 방문;
33,평일에 갔는데 4팀 정도 있었고 포토스팟이 정말 많아서 좋았어요!! 조명이랑 디테일들이 조금 아쉬웠습니다ㅠㅠ,4,soo_***,2021.02월 방문;
33,사진 찍기 좋아요~ 좀 짧은듯 싶지만 인생샷 많이 건졌어요😉,5,tops***,2021.02월 방문;
33,만족합니다!,5,kho0***,2021.02월 방문;
33,조명 진짜...너무 아쉬웠어요ㅠ 꾸며진 세트도 좀.. 전체적으로 좀 아쉬웠어요..ㅜ,5,hiity***,2021.02월 방문;
33,아기자기한게 인생샷 많이 남겼습니다~~!,5,naeu***,2021.02월 방문;
33,굿굿구수숙,5,minj***,2021.02월 방문;
33,사람도없고 너무 좋았어요 관람자들에게는 ㅜㅜㅜ 포토스팟도 많았고! 코로나 아니었음 더 흥했을 전신데 아쉬워요. 작품성보다는 진짜 커플들 데이트코스로 딱일듯!,5,jjin***,2021.01월 방문;
34,직원분들 너무 친절하시고 설명을 잘해주셔서 재밌게 관람했습니다. 감사합니다!!,5,dksg***,2021.04월 방문;
34,친절한 설명과 소소한 동기부여로 재미있게 관람했어요~^^,5,yoki***,2021.03월 방문;
34,완전 재밋엇엇어ㅛ,5,skdu***,2021.03월 방문;
34,재밌었어요,5,vjsl***,2021.03월 방문;
34,매번 손님들 맞이하려면 힘드시고 귀찮으실텐데도 와서 하나씩 다 설명해주시고 전시회를 잘 즐길수 있게 도와주셔서 너무 재밌는 전시회였습니다. 잘 구경하고 왔습니다! 강추드려요 ㅎㅎ,5,zja9***,2021.03월 방문;
34,재밌게 놀았어요.,4,sooo***,2021.03월 방문;
34,너무 좋았어요~~,5,pusa***,2021.03월 방문;
34,6살 딸아이와 다녀왔는데 여자 직원분께서 친절하게 설명도 잘해주시고 사진도 찍어주셔서 감사했어요. ^^ 덕분에 아이와 즐거운 시간 보내고 왔습니다.,5,edwa***,2021.03월 방문;
34,너무 재밌었어요 시간 순삭 내 1시간 30분 !!!! 직원분들이 친절하게 진짜 꼼꼼하게 챙겨주셔서 너무감사했습니다!!!!,5,godt***,2021.03월 방문;
34,직원분들 친절하다는 리뷰를 보고 갔는데 친절을 넘어 직업정신 투철하시고 과학적원리 응용하여 설명해주시니 2시간이나 집중해서 관람 잘했어요🤗 초등 3학년 아이가 너무 즐거워 했습니다~ 사진찍기 좋아하는 유치원아이부터~원리로 설...,5,psy4***,2021.03월 방문;
35,너무 예쁘고 좋았어요! 옷도 갈아입을 수 있고 ㅠㅠ 진짜 예뻤숩니다 ㅠㅠ,5,danb***,2021.02월 방문;
35,가깝고 배경 많아서 넘 좋아요~,5,snkd***,2021.02월 방문;
35,다른 사람 없이 잘 찍었어요,5,voxm***,2021.02월 방문;
35,혼자 사진 찍기 좋아요 ~~~~ !,4,solj***,2021.01월 방문;
35,진짜 제가 원하던 곳이예요 ㅠㅠㅠ 넘넘 잘썼고 다른 친구 데리고 또 갈게용♡,5,snkd***,2021.01월 방문;
35,사진 예쁘게 나와요!,5,didw***,2021.01월 방문;
35,예약이라 사람도 없고 사진 500장 찍고 너무 좋았어요 제가 방문 날짜를 헷갈렸는데 친절하게 다시 해주신다 하셔서 너무 감동... 갈아입는 옷이 반팔이라 살짝 추웠는데 핫팩 들고가면 될 것 같아요! 재방문 의사 있습니다! 인생샷 찍으러 갈거예요!,5,fudn***,2021.01월 방문;
35,프라이빗한게 너무 좋아요. 다음에 ㅈㅐ방문의사있습니다 ㅎㅎ,5,lkh9***,2021.01월 방문;
35,최고입니다. 친구들한테 강추했어욤!,5,sunn***,2020.11월 방문;
35,사람이 없어서 좋았습니당,5,cha0***,2020.10월 방문;
36,재밌었어용!! 사진찍고 놀기 좋은 곳! 코로나만 아니었으면 마스크 벗고 더 예쁜 사진 많이 남겼을텐데 아쉽네용,5,wlal***,2021.02월 방문;
36,재밌게 구경하고 사진 찍고 왔어요~~ 구슬 풀에 들어갔을 때가 진짜 웃겼답니다. 구슬이 여기 저기서 나와서 다 빼고 퇴장하느라요ㅋㅋㅋ,5,cn07***,2021.02월 방문;
36,아이랑 같이 하니 정말 좋아했어요,5,dong***,2021.02월 방문;
36,진짜 볼 게 없음..ㅠ 애들용..,2,cvds***,2021.02월 방문;
36,가격에 비해 볼거리가 많지는 않아요,3,ange***,2021.01월 방문;
36,아이가 너무좋아했어용ㅋㅋ 작지만 이뻐요ㅋㅋ인생샷 대신 신나게 놀다가왔어요,5,xxhx***,2021.01월 방문;
36,애들이 좋아했어요^^,5,soul***,2021.01월 방문;
36,테마가 많아서 안이 큰 줄 알았는데 생각보다 작았지만 과일 친구들 너무 귀엽고 테마 너무 귀여워서 만족했습니다 ! 다음에 또 갈게요 :) +여기서 파는 메모지라던가 볼펜같은 여러가지 문구류도 너무 귀여워요 !!,5,jyk4***,2021.01월 방문;
36,너무 좋았어요,5,song***,2021.01월 방문;
36,조금더 컸으면 좋았겠어요,4,wjav***,2021.01월 방문;
37,진짜 너무 재밌었고 음악 나오면서 테마가 바뀌고 사진도 막 찍을 수 있어서 좋았어요!!!,5,hjm0***,2021.04월 방문;
37,다음에는 런닝맨도 가보고 싶네요ㅠㅠㅠ강릉에 생긴줄 빨리 알았으면 좋았을탠데ㅠㅠ,5,hjm0***,2021.04월 방문;
37,크게 기대는 하지 않았지만 너무 좋았습니다 미디어 아트에 도슨트처럼 해설?이 나와서 영상 보는 재미가 쏠쏠했어요,5,qkqr***,2021.04월 방문;
37,설치 영상 미술 정말 몰입해서 봤습니다. 명화를 더 잘 이해할 수 있었고 나레이션 테오에게 쓰는 편지글도 좋았습니다. 다 끝나고 나서 퀴즈 5문제 있어요! 모르면 다시 돌아가서 다시 봐도 된다고 하네요^^,5,9990***,2021.03월 방문;
37,유익한 시간되었어요,5,drac***,2021.03월 방문;
37,가볍게 즐길 수 있는 전시예요! 마티스 클림트 르누아르 카유보트 고흐 밀레의 뮤즈를 알 수 있는 시간일거예요!! 세인트에 머무르시는 분들이라면 한번 가봐세요👏,5,pan0***,2021.02월 방문;
37,너무좋네료,5,lj1112***,2021.02월 방문;
37,원화 전시회는 아니지만 미디어와 오디오 나름의 분위기가 캐주얼하면서도 색다른 느낌이라 지루하지 않고 좋았습니다~ 아이들에게는 더욱 효과적이고 즐거운 체험이 될것 같아 더욱 좋을듯 합니다~^^,5,jung***,2021.02월 방문;
37,분위기도 굉장히 좋고 5작가의 작품을 모두 만나볼수있다는 특별함이 있어요 대만족이에요🤍,5,vshd***,2021.02월 방문;
37,강릉 여행하면서 기분전환하기 좋았어요~ 사진찍을 곳도 많고! 추천,5,yeom***,2021.02월 방문;
38,전시장도 분위기도 좋고 바이레도향도 전시장안에서 계속 나서 좋았습니다 무엇보다 사진작가님의 사진속에 어떤걸 전달하실려고하는게 잘느껴져서 좋았습니다.,5,dlck***,2021.04월 방문;
38,작품과 더불어 공간 향 음악까지 모두 만족스러운 전시였습니다. 기억에 오래오래 남을 것 같아요. 좋은 전시 감사합니다!,5,scu5***,2021.04월 방문;
38,6시에 갔는데 햇볕도 공간도 예뻤어요 저번 전시와는 또 다른 느낌!,5,dbgu***,2021.04월 방문;
38,우선 장소가 정말 예뻤습니다! 저녁시간에 가니 노을도 들어오고 사람도 없어서 조용히 잘 구경할 수 있었습니다 :),5,haes***,2021.04월 방문;
38,너무 지치고 힘들었는데 잠시 그 생각들을 잊고 힐링하고 왔습니다,5,rngu***,2021.04월 방문;
38,굿<<~~~~,5,q112***,2021.04월 방문;
38,인터뷰 영상 사진 그리고 공간 향 기획 디테일까지 모든것이 만족스러운 전시 였습니다.,5,mjks***,2021.04월 방문;
38,기대했던 것보다 좋았습니다 은은한 향과 음악 사진과 너무 잘 어울렸습니다:) 전시가 끝나기 전에 다시한번 가보고 싶습니다,5,bin_***,2021.04월 방문;
38,다시 없을 사진전,5,kimj***,2021.04월 방문;
38,우연히 알게된 사진전. 정말 제가 본 인생 전시회 중 넘버원 으로 최고였으며 꼭 추천드립니다.,5,carp***,2021.04월 방문;
39,직접 보셔야 합니다. 해 지고 가시는 걸 추천!,5,sylups***,2021.04월 방문;
39,한적한 봄날 빛의 윤무를 경험함 크리스탈을 통해 유영하던 빛의 조각들은 나를 어루만지는 빛의 터치였을까 유유히 헤엄치는 빛의 물고기 였을까 복층의 공간과 어우러진 묘한 기운덕에 새로운 에너지 받고 시간을 두고 다시 찾아봐도 좋을듯...,5,zoli***,2021.04월 방문;
39,좋은 전시였습니다,5,moth***,2021.04월 방문;
39,활짝 핀 벚꽃과 입구의 조경 멋진 공간과 어우러지는 작품들 ! 좋은 전시였습니다 기동이도 너무 귀여워요 :),5,s7641***,2021.04월 방문;
39,깔끔한 전시장의 분위기.,4,edmo***,2021.04월 방문;
39,평일이라 그런지 사람이 많이없어서 전시 관람하기에 좋았어요!! 😆👍🦴,5,bomy***,2021.04월 방문;
39,글로리 홀님 유리 전시 보러 멀리서 찾아갔어요 ! 전시는 너무 멋졌지만 관계자 분들인지 작품들 사이사이로 전시관을 전부 차지하여 서로 샴페인을 따라 마시며 자축하는 분위기였는데 제가 와도 되는 곳인지 괜히 뻘쭘하게 관람했던 게 너무...,5,zzau***,2021.03월 방문;
40,재밌는 전시입니다. 투어 시작 전 작품별 소요시간을 숙지하면 더 차분히 집중할 수 있어요,4,rio513***,2021.04월 방문;
40,다시 한 번 가고 싶은 전시입니다.,5,osj9***,2021.04월 방문;
40,눈으로만 보는 전시가 아닌 귀로도 공감각적으로 느낄 수 있눈 전시여서 좋았습니다! 저는 특히 지하 연습실에서의 작품의 묘한 분위기가 인상깊네용,5,mins***,2021.04월 방문;
40,관객으로서 신기한 경험을 할 수 있던 전시였습니다,5,dob6***,2021.04월 방문;
40,단순 전시일거라는 예상과 달리 큰 무대 속 연극을 보는 느낌을 받으며 색다른 경험을 할 수 있어서 인상깊었습니다. 비오는 날 또한 어울렸던 것 같아 기억에 오래 남을 듯 합니다.,5,leej***,2021.04월 방문;
40,처음 접해보는 오디오 전시 참신한 경험이었습니다.,5,qudg***,2021.04월 방문;
40,헤드폰을 쓰고 아르코극장 곳곳을 이동하며 듣는 사운드 설치 작품. 조명 극작 연기 공간 선정 등 극장의 특성을 잘 살린 작품.,5,redi***,2021.04월 방문;
40,없는 극장이라는 이름과 잘 어울리는 전시였습니다,5,yel456***,2021.04월 방문;
40,관람객이 각자의 페이스에 맞춰 전시를 볼 수 있는 점이 좋았습니다. 종료 전에 다시 한 번 가보고 싶습니다.,5,pand***,2021.04월 방문;
40,[없는 극장] 조명을 따라 또 다음 사운드 작품을 찾아 극장의 다양한 공간을 돌아다니며 아르코예술극장과 새로운 추억을 만든 것 같아요! 2층에서 내려다보는 봄날의 마로니에 공원도 너무 예뻤어요 :),5,til_***,2021.04월 방문;
41,멋진 전시였어요 :-) 다만 요즘 낮 시간대에 온도가높아짐에따라 전시관내부도 너무더워서 실내온도 쾌적함도 신경써쥬시면 다른 관람객분들이 도움되실듯합니다,5,subi***,2021.04월 방문;
41,아이와 함께 왔다 갑니다. 중간중간 체험도 있고 영상과 음향이 시선을 사로잡네요 두시간 후딱 갑니다^^,5,free***,2021.04월 방문;
41,좋은 작가들의 작품을 영상으로 볼 수 있어 좋았어요,5,jiso***,2021.04월 방문;
41,보고싶었던 거라 너무 좋았어요. 제가 간날은 사람도 많지 않아서 여유있게 즐길수 있었어요^^,5,semi***,2021.04월 방문;
41,너무좋았어요,5,kshj***,2021.04월 방문;
41,유명한 화가들이라 보는 재미가 있어요~~,5,rvde***,2021.04월 방문;
41,엽서랑 포스터까지 맘이드는 패키지였어요!!,5,rvde***,2021.04월 방문;
41,비오는 제주에서 즐거운 추억입니다,5,happ***,2021.04월 방문;
41,서울에서 했던 전시보다 알찬 구성인거 같아요!! 다양한 작품들 압도적인 공간에서 관람할 수 있어서 좋았습니다!,5,juny***,2021.04월 방문;
41,영상이 너무 좋았어요~ 그림과는 또다른 느낌 이었어요~^^ 즐거운시간이었습니다,5,choh***,2021.04월 방문;
42,귀요미 미니언즈 보고 왔어요. 아쿠아리움 공연도 볼수 있어요~ 기프트샵 작은거는 좀 아쉬워요.,5,eebb***,2021.03월 방문;
42,괜찮아요......,5,pala19***,2021.03월 방문;
42,굿즈샵이 너무 아쉬웠던ㅠㅠ 그래도 사진찍고 게임도 할 수 있는 다양한 테마들이 있어서 좋았어요~,5,hway***,2021.03월 방문;
42,ㅠㅠㅠ미니언즈를 좋아하는 저에게는 천국이었습니다 볼 거리 포토존 정말 많았고 오늘 저는 심쿵사로 사망했습니다,5,nunu_u***,2021.03월 방문;
42,남편이랑 둘이 다녀왔는데 너무 재밌었어요. 안에 정말 잘 꾸몄더라구요. 포토존도 많고 게임같은것도 꽤 있구여. 저는 대만족이였습니다.,5,yoon***,2021.02월 방문;
42,엄청 귀여워요. 좀 더 많은 전시가 있었으면 하는 생각은 있었어요. 그래도 재미있었습니다.,4,ashd82***,2021.02월 방문;
42,걍... 추울때 가세여,2,leez***,2021.02월 방문;
42,비싸고.. 가격대비 그냥 그랬습니다.,1,kh87***,2021.02월 방문;
42,볼거리도 많고 재미있었어요! 제주도 사람이라 1시간 30분 버스타고 갔는데 아깝지 않았어요…!,5,1501m***,2021.02월 방문;
42,서울에 비하면 작지만 너무 재미잇엇구 너무 신낫어유ㅜㅜㅜ,5,gyru***,2021.01월 방문;
43,작지만 잔잔하고 좋은 볼거리가 있는 전시.,4,gyuj***,2021.04월 방문;
43,소규모 전시지만 그래도 이곳에 있던 시간 만큼은 완젼히 다른세상 같았음..,5,mcq8***,2021.03월 방문;
43,시크릿라이프. 전시관 분위기 좋고 예약후 한적하게 볼수있어 좋았습니다. 블루바톤의 영상물도 인상깊고 좋았어요.,5,eunj***,2021.03월 방문;
43,주차가 불편한것 빼고 조용하게 좋은 전시 잘 봤습니다.,5,by45***,2021.03월 방문;
43,조용하게 잘 감상하고 왔어요 비도오구 토욜이었지만요,5,kn6030***,2021.03월 방문;
43,작가들의 작품이 묘하게 서로 어울립니다. 추천합니다.,5,seul***,2021.03월 방문;
43,첫 타임에 방문했는데 한적해서 잘 보고 왔습니다. 2번째 영상물도 좋았습니다.,5,fhwm***,2021.03월 방문;
44,작은 갤러리지만 위치도 좋고 조용해서 관람하기 편한 분위기였습니다.,5,ranh***,2021.04월 방문;
44,현재 핫한 작기의 작품을 접할 수 있어서 아주 의미가 있었습니다.~,5,hscj***,2021.03월 방문;
44,좋은 전시 잘 관람했습니다~~^^,5,khwc***,2021.03월 방문;
44,작가에 대한 사전정보를 더 알고 갔었으면 하는 아쉬움이 있었습니다.,5,seul***,2021.03월 방문;
45,갑자기 사정이 생겨서 예약하고 방문은 못했어요 다음에 다시 예약해서 꼭 가겠습니다,5,niesha***,2021.03월 방문;
45,언제나 알차고 좋은 전시 좋은 공간 입니다!,5,jdar***,2021.03월 방문;
45,좋은작품들이었습니다,5,aska***,2021.03월 방문;
45,완전 행복한 전시였어요!,5,aaaa***,2021.03월 방문;
45,좋은 시간이었습니다.,5,scar***,2021.03월 방문;
45,항상 아름다운 곳 입니다,5,girl***,2021.03월 방문;
45,아름다운 선물을 받은 듯한 멋지고 와닿는 전시였습니다. 색감 터치가 너무 좋았어요. 신민주 작가님 응원하구요. 다음 전시가 기대됩니다. 갤러리 자체도 좋고 직원분도 아주 친절하세요.,5,vivi***,2021.03월 방문;
45,전시장 예쁘고 작품도 좋았어요. 친절하신 안내 감사합니다~,5,lale***,2021.03월 방문;
45,전시공간 너무 아름다웠어요.,5,jerr***,2021.03월 방문;
45,전시작품 간격이 여유있게 배치되어 관람하기 좋았습니다. 많이 알려지지 않은 작가들의 작품들도 이렇게 볼 수 있는 기회가 있어 다행입니다. 본관에서 별관가는 길과 별관에서 내다보는 풍경도 좋네요. 시간이 있다면 레스토랑 들어가 잠시 쉬었...,4,esch***,2021.03월 방문;
46,마지막날이라 그런가 사람이 별로 없어서 전세 낸 것처럼 사진을 찍었습니다.,5,skwg***,2020.11월 방문;
46,조하요 ㅎㅎㅎ포토존 오짐,5,wjdw***,2020.11월 방문;
46,사진찍을곳이 많아서 좋았어요,5,99ji***,2020.11월 방문;
46,음..비슷한 레파토리,5,ofo44***,2020.10월 방문;
46,이쁘긴 했어요..!! 근데 생각보다는 적은편...?,4,gp121***,2020.10월 방문;
46,좋아요좋아요좋아요좋아요,5,hada***,2020.10월 방문;
46,정말 예뻐서 즐거운 시간 보냈어요ㅎㅎ,5,aote***,2020.10월 방문;
46,진짜..... 여기서 사진 건진사람은 천재라고 생각합니다.,5,sooj***,2020.10월 방문;
46,벽화는 예뼜어요...,2,wonn***,2020.10월 방문;
46,너무너무 예쁘고 사진찍기 좋은장소가 많아요,5,thsq***,2020.10월 방문;
47,별루볼것두없구 관람규정두 공지사항이랑 다르구 비싼땅 놀기기 뭐하니까 만들어른듯,1,feel***,2020.06월 방문;
47,너무 아이들을 위한 공간.. 볼거리가 적어서 아쉬웠어요,5,6838***,2020.05월 방문;
47,풀장 모서리가 엄청 날카롭고 청소도 안되어있고 먼지가 엄청 났어요. ㅠㅠ 무슨 화장품 브랜드에서 홍보하는 코너도 있었고.. 여튼 여기는 전시 큐레이터가 문제인지 매번 전시의 질이 최악이예요. 주차 안되는 건 기본이고요. 그냥 인스타용 전시입니다.,2,mnnho***,2020.05월 방문;
47,조금 어린 아이들을 대상으로 한 체험형 전시회 같구요. 성인끼리 가신다면 이것저것 곰돌이나 바나나 볼풀장에서의 소품 장식을 이용한 예쁜 사진들을 건진다는 생각으로 가시면 될 것 같아요. 짧다는 후기를 보고 갔었지만 사진을 찍다보니 ...,5,hgee***,2020.05월 방문;
47,좀짧긴한데 아이와 가기에는 나쁘지않아요,4,kiwi***,2020.05월 방문;
47,아기자기하고 사진찍을 스팟이 많긴한데 ㅋㅋㅋㅋ전시내용은 아주 부족한 느낌 성인대상이라기보다 아이들 데리고 오시면 재밌게 볼수있는 전시인듯해요 좀 돈이 아깝긴 함,3,hyuj***,2020.05월 방문;
47,어른과 아이가 함께 공감하고 체험할 수 있는 전시회에요.,4,ling***,2020.05월 방문;
47,체험형 전시라 재미있었습니다 다만 전시가 넘 짧았어요ㅠㅠ 직원분도 제대로 안 계시고,4,daou***,2020.05월 방문;
47,마지막 볼풀장이 하이라이트!! 거기에서 1시간은 놀았던 것 같아요~,5,osmi***,2020.05월 방문;
47,친구들이랑 같이 가서 봤는데 색감도 이쁘고 체험할게 많아서 재밌게 봤어요,5,semi***,2020.05월 방문;
48,재밌었던 하루였습니다 ^^,5,ilov***,2020.04월 방문;
48,전시색감이 너무 예뻤어요 ! 좋은작품보다갑니다-,5,jmye***,2020.04월 방문;
48,전시 마지막 날 잘 감상하고 갑니다.,5,syle***,2020.04월 방문;
48,조용한 분위기에서 아이들과 재밌게 관람했어요 사진도찍고 간만에 힐링했어요~,4,siro***,2020.04월 방문;
48,재밌었어요 볼거리가 많았어요,5,kkm8***,2020.04월 방문;
48,포토존 많고 재밌었어요! 전시는 쪼꼼 짧은 편이에용 ㅎㅎ,5,hyuj***,2020.04월 방문;
48,다양한 볼거리가 많아서 좋았습니다~!,5,jong***,2020.04월 방문;
48,워낙 좋아하던 작가여서 벼르다가 갔는데. 코로나때문에 전시 마지막 하루 전날 겨우 잘 보고 왔습니다. 언젠가 칼더 기획전이 또 있으면 좋겠어요. 그리구 톰블리전도 볼 수 있음 좋겠다능... 덕분에 잘 봤습니다.,4,kong***,2020.04월 방문;
48,다채롭지 않고 크게 재미있는 전시는 아니었어요,2,qjzb***,2020.04월 방문;
48,저는 아주 실망스러운 전시였어요. 몬드리안의 영향을 받았다는 지식 외에는 얻은게 없네요.. 그리고 사진 촬영이 허용되다보니 계속 셔터 소리가 전시장 내에서 울려대다보니 작품 관람 몰입이 너무 안 되었습니다. 앞으로는 촬영 가능한 전시는 피해야할 듯 싶어요..,1,sseg***,2020.04월 방문;
49,친구랑같이와서 사진찍고 잼썻어용,5,flqh***,2019.11월 방문;
49,사진찍기 좋네요 힐링되네요,5,ghd9***,2019.11월 방문;
49,즐겁게 잘 관람하고 갑니다^^ 예쁘고 머진 오브제들이 여러가지 빛과 배경으로 어우러져서 재미있게 보고가요~,5,surp***,2019.11월 방문;
49,신기하고 잘봤어요~~,5,hail***,2019.11월 방문;
49,만족해요~,5,rkdd***,2019.11월 방문;
49,디어브레인 붉은 조명 색감이 좋았어요,5,lost***,2019.11월 방문;
49,정말 힐링하고 갑니다 ㅠㅠ ♡´･ᴗ･`♡,5,shbn***,2019.11월 방문;
49,특이한 전시회 재미있었어요!,5,7hap***,2019.11월 방문;
49,브레인 테라피 너무 좋아요~~,5,zzan***,2019.11월 방문;
49,즐거웠어요 좋았어요,5,hyo9***,2019.11월 방문;
50,너무 재미있었어요,5,kde6***,2019.11월 방문;
50,별로 짧지도않고 사람도 많지않고 사진찍기 좋은곳에요!!,5,alic***,2019.11월 방문;
50,재밌었어요,5,chch***,2019.11월 방문;
50,재밌었어요,5,juyo***,2019.11월 방문;
50,5세 아들과 즐거운 데이트장소였어요ㅎㅎ,5,ggdy***,2019.11월 방문;
50,재밌었어요,5,okp3***,2019.11월 방문;
50,좋았습니다,5,peac***,2019.11월 방문;
50,아이들과 즐거운 시간 잘 보냿습ㄴ다,5,liyu***,2019.11월 방문;
50,다양하고 이쁜전시 좋아요!,5,km6491***,2019.11월 방문;
50,잘보고갑니다!!,5,yh0342***,2019.11월 방문;
51,너무 기대를 하고 가서 그런지 색감적인 부분들이나 몇 곳의 포토존이 있었지만 실질적인 어린왕자 관련된 부분들이 적지않았나 그런 아쉬움이 남았습니다.,4,tjsd***,2019.06월 방문;
51,장미 파트가 제일 예버요,4,hmhm***,2019.06월 방문;
51,시간관 돈이 아까웠어요,1,aleta***,2019.06월 방문;
51,포토존이 대부분이라 좋았지만 그만큼 무개념인사람들이 참 많았네요 ;^^ 사실 티켓값이 좀 아까운 전시였습니다..^^~,3,hana***,2019.06월 방문;
51,가격에 비해 너무 별로였어요 미술관이 전시를 잘 못 살렸다는 느낌을 받았어요 시설이 너무 조악함 비디오 아트와 영상물은 좋았어요 어린왕자의 보아뱀을 현대적으로 재해석하려는 시도가 괜찮았습니당 근데 무엇보다 너무 인스타사진을 위...,3,cher***,2019.06월 방문;
51,무성의한 전시회측 태도. 제 돈을 내놓으세요 ^.~ 별점은 왜 1점부터 선택이 가능한 거죠? 0개 드립니다. 번창하세요.,1,mr_k***,2019.06월 방문;
51,좋았어요!!,5,ccho***,2019.06월 방문;
51,나만의 별 나만의 행복 나만의 소우주,5,step***,2019.06월 방문;
51,어린왕자를 기대하고 갔는데 너무 어거지로 끼워맞춘 느낌,1,jenn***,2019.06월 방문;
51,정말 가길 잘했어요,5,peh7***,2019.06월 방문;
52,볼게 많았고 알찼던 전시. 환상이나 동화같은 이미지였다. 작품을 시대순으로 보려고했으나 동선이 복잡한 감이 없지않아 있었다.,4,dmst***,2019.05월 방문;
52,역시 미술관은 사전에 해당 작가나 작품에 대한 공부가 필요함을 느낌..ㅎㅎㅎㅎㅎㅎ내 취향이 아닌지라 작품이 작품으로 안느껴졌음..그래도 강렬했다는 점은 맞음. 사진은 입구에서만 찍고 안찍음....ㅎㅎ휴 ...ㅎㅎㅎ아직도 작품들이 머릿속에 ...,2,oran***,2019.05월 방문;
52,생각보다 괜찮았음 인상깊었던 것들도 있었고,4,gusr***,2019.05월 방문;
52,색감이 너무 좋았다,4,lunc***,2019.05월 방문;
52,생각보다 그림도 많이 없고 확 띄는 작품이 없었지만 볼만 했습니다,4,hany***,2019.05월 방문;
52,네이버 오류인지 뭔지는 모르겠는데 디어브레인으로 예매했는데 프렌치팝아트로 발권이됨. 나도 너무 당황스러워서 조심스럽게 교환 요청드림. 근데 한분이 눈 똑바로 쳐다보시면서 안된다고 칼 거절하심. 이해는 하는데 진짜 그렇게 싸가지없고 융통성없이 그러셨어야하는지 여쭤보고...,1,dlal***,2019.05월 방문;
52,생각보다 볼 것도 많고 직원들이 친절해서 좋았습니다.,5,ekek***,2019.05월 방문;
52,생각보다 작은 전시였지만 괜찮았어요~~,4,star***,2019.05월 방문;
52,주말 아침에 가서 한적해서 좋았어요,4,po05***,2019.05월 방문;
52,인상적인 전시 잘 보았습니다,4,souv***,2019.05월 방문;
53,너무 재미 있어어요 ㅎ 개성 강한 작품들이 보는 맛이. 있네요,4,heam***,2018.08월 방문;
53,볼거리가 많고 작품들도 꽤 괜찮아 잘보고 갑니다~추천!,5,viol***,2018.08월 방문;
53,특이하고 상상력 풍부해지는 느낌 ㅋㅋ,4,ssse***,2018.08월 방문;
53,재밌는데 동선이 너무 안좋아요,3,kims***,2018.08월 방문;
53,정말 특이한 작품들이 많아 신기한 전시회!,4,kshc***,2018.08월 방문;
53,재미있었고 특이한 작품들이 많아 흥미로웠습니다!,4,scar***,2018.08월 방문;
53,좀 더 일찍 가볼걸 했던 전시회였어요 전시 마지막날 갔었는데 왜 이 전시회를 이제야 왔지? 라는 생각이 들던 전시회,5,wody***,2018.08월 방문;
53,지져스 무슨말이 필요해 모두 널 괴짜라고 불러!,4,dnqn***,2018.08월 방문;
53,전시 장소가 다소 좁은 느낌이었고 설명,3,940117***,2018.08월 방문;
53,재밌었습니다. 인간들 본연의 괴짜성을 표현한 작품도 있었고 본연으로서의 인간. 편안함이 느껴지는 작품도 있었어요. 그리고 작품 관람 이후에 재밌었던건 역시 다른분들의 후기였습니다. 후기들 속에서 제가 몰랐던 사실을 발견하거나 생각의 차이를 느끼게 한것. 역시 의견을 나누면...,5,smil***,2018.08월 방문;
54,쾌적한 환경에 유니크한 전시로 6세 아이에게 지루하지 읺았고 키치적인 작품을 좋아하는 어른이라면 매우 흥미로울 듯 해요. 체험도 즐겁게 참여했어요.,5,mini***,2019.09월 방문;
54,애기들이랑갔는데 좋았어요,4,swee***,2019.09월 방문;
54,도슨트선생님 친절하시고 유익했습니다,4,supi***,2019.09월 방문;
54,기대했던 것 이상으로 귀엽고 아기자기했던 작품들 너무너무 추천합니다 :) !!!,5,00tn***,2019.09월 방문;
54,아이가 구경하기에 괜칞은 전시였어요,4,herb***,2019.09월 방문;
54,꼭 가여지 하고 마지막 날 갔는데 너무 좋았어요 아쉬울정도로 아이들이 좋아해서 아쉽습니다,5,enda***,2019.09월 방문;
54,너무 만족 사진촬영도 자유롭고 편하게 즐기다가 왔네요,5,yumo***,2019.09월 방문;
54,아이랑 함께 즐거웠어요,5,yoba***,2019.09월 방문;
54,아이가 너무좋아했어요,5,seui***,2019.09월 방문;
54,아이가좋아하네요~,4,yymh***,2019.09월 방문;
55,가고싶었는데 자느라 못 갔어요 ㅠㅠ,5,0513***,2019.04월 방문;
55,마지막날 마지막 한시간동안,5,heew***,2019.04월 방문;
55,영화를 보고 가야 이해가 될듯.,2,rsmo***,2019.04월 방문;
55,고흐그림은 두점 뿐이지만 영화본사람이면 만족,4,fred***,2019.04월 방문;
55,정말 좋았습니다,5,tard***,2019.04월 방문;
55,재밌었어요!! 사람도 별로없어서 한가하게잘즐겼네요,5,smar***,2019.04월 방문;
55,덕분에 할인된 가격으로 편하게 예약해서 보고싶던 전시 보고왔네요,5,wari***,2019.04월 방문;
55,좋았어요ㅡ마지막날이였네요,5,e1181***,2019.04월 방문;
55,거대한 반고흐라는 책에 빠져든 작은 벌레가 된 듯한 기분이었어요. 작품 앞에서 몇 번이고 멍하니 눈물을 왈칵였네요. 이런 기회는 다신 없었을 거에요.,5,zzzo***,2019.04월 방문;
55,너무 좋았어요.....,5,mist***,2019.04월 방문;
56,한가람 미술관 샤갈전인줄알았는뎌 낚였음. 기간때문에 돈날림. ㅠㅜ,1,yonhe2***,2018.09월 방문;
56,좋았습니다~,5,nodo***,2018.09월 방문;
56,사람이많아 복잡했지만 할인받아 잘봤습니다,4,ytki***,2018.09월 방문;
56,재미있게 잘 봤습니다 :-))) 마지막 날인데도 깔끔하네요 ㅎㅎ,5,hamf***,2018.09월 방문;
56,재밌어요♥,4,kutt***,2018.09월 방문;
56,샤갈의 생애에 맞춰진 전시인데 주로 우화에 실린 동판화 에칭이 많았습니다.우리가 알고 있는 샤갈의 작품이 많지 않아서 좀 아쉬웠습니다.,4,luci***,2018.09월 방문;
56,사람이 너무 많고 그림이 어려웠어요 ㅠㅠ,3,dbsr***,2018.09월 방문;
56,마지막날이라 사람 많았던거 빼곤 좋았습니다 다만 이동 동선이 복잡하고 전시장 입구 찾기가 어려웠어요,4,blos***,2018.09월 방문;
56,크기가 작은 그림들이 많이 있어요~,3,lmkl***,2018.09월 방문;
56,책자를 함께 구매할걸그랫어요 가서 너무 좋아서 책을 구매했어요,4,wjdd***,2018.09월 방문;
57,쉬운 전시회~,4,wj2927***,2018.04월 방문;
57,네이버에서 예매로 20프로 할인도 받고 그림들에 대해도 배우고 작가들의 삶도 듣고 정말 좋은 시간이였습니다 ^^,5,hand***,2018.04월 방문;
57,오늘이 마지막 전시라길래 급하게 다녀왔는데 사진 촬영이 가능해서 맘에 드는 작품들 맘껏 찍으면서 관람했네요. 마지막 날이라 엽서는 다 팔렸길래 마우스 패드랑 키스 해링 스티커 하나 사고 돌아왔네요. 평일날 여유있게 관람했으면 더 좋...,5,meow***,2018.04월 방문;
57,좋았어요 그런데 가이드온(오디오 app) 이 너무 자주 죽어서 불편했어요.,4,leosis***,2018.04월 방문;
57,감미로운 목소리의 오디오가이드 들으면서 전시 보니까 즐겁게 감상하게 되네요. 작았지만 여러 점의 작품들을 두어 알차게 보아 좋았습니다. 다만 딱딱한 해설 말고 좀더 친근한 해설이 있었으면 싶었습니다.,4,tkd0***,2018.04월 방문;
57,작품을 망치는 액자는 지양해주시길..,4,00rm***,2018.04월 방문;
57,펑소 좋아하던 작가들 아트전이라 기대에 부풀어 갔습니다만..준비과정이 많이 미흡한 느낌이 큽니다. 특히 입구쪽이 정신없고 응대하는 직원? 아르바이트생들의 태도나..온갖 실수 들은 정말 실망스러워서 관람전에 이미..전시회의 선입견을 갖게 합니다. 공간이 좀 협소하고 가격이나 ...,3,clmode***,2018.04월 방문;
57,할인 받고 봐서 다행이지 제 값을 주고 보기엔 아까운 전시회였다. 디피 자체가 엄청 나쁘진 않았지만 그렇다고 엄청 신경 쓴 것 같진 않은 전시회.,4,ssom***,2018.04월 방문;
57,생각보다 괜찮았습니다!,5,godd***,2018.04월 방문;
57,마지막 날에 갔는데! 아주 잘 보고 왔습니다 :)! 다음에 또 좋은 전시 보고싶네요,5,dpfl***,2018.04월 방문;
58,좋았습니다~,5,vicu32***,2017.11월 방문;
58,중간중간 설명도 해주시고 좋았습니다. 빛을 활용한 작품들이 인상깊었고 전시의 배치를 잘 해놓은 것 같았습니다. 다만 거울의 방에서 빠져나오는 길이 조금 헷갈렸습니다.,4,minj***,2017.11월 방문;
58,기대안하고 본 저와 기대하고 본 친구가 함께 느낀건 감동도 없고 감각적이지 않은 어린학생들의 소소한 졸업작품 보는 듯했습니다.,1,jazz***,2017.11월 방문;
58,우연히 시간 맞아서 들은 도슨트가 너무너무 좋았어요!!,5,dbse***,2017.11월 방문;
58,볼 것도 많고 포토존도 많고 한번보고나서 도슨트를 통해 설명까지 듣게되서 좋았습니다,4,tncn***,2017.11월 방문;
58,기대 많이 안했는데 생각보다 좋았어요. 가격이 아깝지 않았고 사진 찍을곳도 많아요,4,wow_***,2017.11월 방문;
58,현대예술은 눈에 보이는 것 너머 작품의 함의와 작가의 철학을 찾아가는 기쁨에 그 의의가 있다고 생각합니다만 눈이 즐겁길 원하셨던 분들에겐 의문이 드는 전시회였으리라 생각합니다.,5,picao0***,2017.11월 방문;
58,너무 너무 재미있었어요! 볼 것도 많고 포토존도 많고 설명도 잘 되어 있었습니다,5,04625***,2017.11월 방문;
58,정말 좋은 전시였습니다! 아주아주 즐거웠어요 :),4,doky***,2017.11월 방문;
58,인공지능과 과학의 시대에 창작이란 무엇인가 전시 공간이 대한 의문점,4,ab02***,2017.11월 방문;
